,source_screen_name,destination_screen_name,has_mutual_following,source_follow_dest,dest_follow_source
0,Cairo67Unedited,MagCrisis,False,False,False
1,Cairo67Unedited,_lailaa1,False,False,False
2,Cairo67Unedited,ahmad_safadi1,False,False,False
3,Cairo67Unedited,IranFredomWatch,False,False,False
4,Cairo67Unedited,PressTV,False,False,False
5,Cairo67Unedited,shayxbee,False,False,False
6,Cairo67Unedited,marceldy,False,False,False
7,Cairo67Unedited,amjadt25,False,False,False
8,Cairo67Unedited,Othmanbay,False,False,False
9,Cairo67Unedited,MostafaMe4,False,False,False
10,Cairo67Unedited,jennyh15_93,False,False,False
11,Cairo67Unedited,love4thegameAK,False,False,False
12,Cairo67Unedited,liveandlovej00n,False,False,False
13,Cairo67Unedited,AssadShalhoub,False,False,False
14,Cairo67Unedited,Shadaomar,False,False,False
15,Cairo67Unedited,jamilchami1,False,False,False
16,Cairo67Unedited,BonkersLebanese,False,False,False
17,Cairo67Unedited,StefanieDekker,False,False,False
18,Cairo67Unedited,JamalsNews,False,False,False
19,Cairo67Unedited,CocoCK,False,False,False
20,Cairo67Unedited,AhmedBenjamal,False,False,False
21,Cairo67Unedited,ChristianeWaked,False,False,False
22,Cairo67Unedited,HayatMirshad,False,False,False
23,Cairo67Unedited,astrojoya,False,False,False
24,Cairo67Unedited,BaghdadPostPlus,False,False,False
25,Cairo67Unedited,mgdowney,False,False,False
26,Cairo67Unedited,Dalaayn,False,False,False
27,Cairo67Unedited,Kurds_SOS,False,False,False
28,Cairo67Unedited,outro_hoseok,False,False,False
29,Cairo67Unedited,MadonnaAoun,False,False,False
30,Cairo67Unedited,btsmyhabibis,False,False,False
31,MagCrisis,_lailaa1,False,False,False
32,MagCrisis,ahmad_safadi1,False,False,False
33,MagCrisis,IranFredomWatch,False,False,False
34,MagCrisis,PressTV,False,False,False
35,MagCrisis,shayxbee,False,False,False
36,MagCrisis,marceldy,False,False,False
37,MagCrisis,amjadt25,False,False,False
38,MagCrisis,Othmanbay,False,False,False
39,MagCrisis,MostafaMe4,False,False,False
40,MagCrisis,jennyh15_93,False,False,False
41,MagCrisis,love4thegameAK,False,False,False
42,MagCrisis,liveandlovej00n,False,False,False
43,MagCrisis,AssadShalhoub,False,False,False
44,MagCrisis,Shadaomar,False,False,False
45,MagCrisis,jamilchami1,False,False,False
46,MagCrisis,BonkersLebanese,False,False,False
47,MagCrisis,StefanieDekker,False,False,False
48,MagCrisis,JamalsNews,False,False,False
49,MagCrisis,CocoCK,False,False,False
50,MagCrisis,AhmedBenjamal,False,False,False
51,MagCrisis,ChristianeWaked,False,False,False
52,MagCrisis,HayatMirshad,False,False,False
53,MagCrisis,astrojoya,False,False,False
54,MagCrisis,BaghdadPostPlus,False,False,False
55,MagCrisis,mgdowney,False,False,False
56,MagCrisis,Dalaayn,False,False,False
57,MagCrisis,Kurds_SOS,False,False,False
58,MagCrisis,outro_hoseok,False,False,False
59,MagCrisis,MadonnaAoun,False,False,False
60,MagCrisis,btsmyhabibis,False,False,False
61,_lailaa1,ahmad_safadi1,False,False,False
62,_lailaa1,IranFredomWatch,False,False,False
63,_lailaa1,PressTV,False,False,False
64,_lailaa1,shayxbee,False,False,False
65,_lailaa1,marceldy,False,False,False
66,_lailaa1,amjadt25,False,False,False
67,_lailaa1,Othmanbay,False,False,False
68,_lailaa1,MostafaMe4,False,False,False
69,_lailaa1,jennyh15_93,False,False,False
70,_lailaa1,love4thegameAK,False,False,False
71,_lailaa1,liveandlovej00n,False,False,False
72,_lailaa1,AssadShalhoub,False,False,False
73,_lailaa1,Shadaomar,False,False,False
74,_lailaa1,jamilchami1,False,False,False
75,_lailaa1,BonkersLebanese,False,False,False
76,_lailaa1,StefanieDekker,False,False,False
77,_lailaa1,JamalsNews,False,False,False
78,_lailaa1,CocoCK,False,False,False
79,_lailaa1,AhmedBenjamal,False,False,False
80,_lailaa1,ChristianeWaked,False,False,False
81,_lailaa1,HayatMirshad,False,False,False
82,_lailaa1,astrojoya,False,False,False
83,_lailaa1,BaghdadPostPlus,False,False,False
84,_lailaa1,mgdowney,False,False,False
85,_lailaa1,Dalaayn,False,False,False
86,_lailaa1,Kurds_SOS,False,False,False
87,_lailaa1,outro_hoseok,False,False,False
88,_lailaa1,MadonnaAoun,False,False,False
89,_lailaa1,btsmyhabibis,False,False,False
90,ahmad_safadi1,IranFredomWatch,False,False,False
91,ahmad_safadi1,PressTV,False,False,False
92,ahmad_safadi1,shayxbee,False,False,False
93,ahmad_safadi1,marceldy,False,False,False
94,ahmad_safadi1,amjadt25,False,False,False
95,ahmad_safadi1,Othmanbay,False,False,False
96,ahmad_safadi1,MostafaMe4,False,False,False
97,ahmad_safadi1,jennyh15_93,False,False,False
98,ahmad_safadi1,love4thegameAK,False,False,False
99,ahmad_safadi1,liveandlovej00n,False,False,False
100,ahmad_safadi1,AssadShalhoub,False,False,False
101,ahmad_safadi1,Shadaomar,False,False,False
102,ahmad_safadi1,jamilchami1,False,False,False
103,ahmad_safadi1,BonkersLebanese,False,False,False
104,ahmad_safadi1,StefanieDekker,False,False,False
105,ahmad_safadi1,JamalsNews,False,False,False
106,ahmad_safadi1,CocoCK,False,False,False
107,ahmad_safadi1,AhmedBenjamal,False,False,False
108,ahmad_safadi1,ChristianeWaked,False,False,False
109,ahmad_safadi1,HayatMirshad,False,False,False
110,ahmad_safadi1,astrojoya,False,False,False
111,ahmad_safadi1,BaghdadPostPlus,False,False,False
112,ahmad_safadi1,mgdowney,False,False,False
113,ahmad_safadi1,Dalaayn,False,False,False
114,ahmad_safadi1,Kurds_SOS,False,False,False
115,ahmad_safadi1,outro_hoseok,False,False,False
116,ahmad_safadi1,MadonnaAoun,False,False,False
117,ahmad_safadi1,btsmyhabibis,False,False,False
118,IranFredomWatch,PressTV,False,False,False
119,IranFredomWatch,shayxbee,False,False,False
120,IranFredomWatch,marceldy,False,False,False
121,IranFredomWatch,amjadt25,False,False,False
122,IranFredomWatch,Othmanbay,False,False,False
123,IranFredomWatch,MostafaMe4,False,False,False
124,IranFredomWatch,jennyh15_93,False,False,False
125,IranFredomWatch,love4thegameAK,False,False,False
126,IranFredomWatch,liveandlovej00n,False,False,False
127,IranFredomWatch,AssadShalhoub,False,False,False
128,IranFredomWatch,Shadaomar,False,False,False
129,IranFredomWatch,jamilchami1,False,False,False
130,IranFredomWatch,BonkersLebanese,False,False,False
131,IranFredomWatch,StefanieDekker,False,False,False
132,IranFredomWatch,JamalsNews,False,False,False
133,IranFredomWatch,CocoCK,False,False,False
134,IranFredomWatch,AhmedBenjamal,False,False,False
135,IranFredomWatch,ChristianeWaked,False,False,False
136,IranFredomWatch,HayatMirshad,False,False,False
137,IranFredomWatch,astrojoya,False,False,False
138,IranFredomWatch,BaghdadPostPlus,False,False,False
139,IranFredomWatch,mgdowney,False,False,False
140,IranFredomWatch,Dalaayn,False,False,False
141,IranFredomWatch,Kurds_SOS,False,False,False
142,IranFredomWatch,outro_hoseok,False,False,False
143,IranFredomWatch,MadonnaAoun,False,False,False
144,IranFredomWatch,btsmyhabibis,False,False,False
145,PressTV,shayxbee,False,False,False
146,PressTV,marceldy,False,False,False
147,PressTV,amjadt25,False,False,False
148,PressTV,Othmanbay,False,False,False
149,PressTV,MostafaMe4,False,False,False
150,PressTV,jennyh15_93,False,False,False
151,PressTV,love4thegameAK,False,False,False
152,PressTV,liveandlovej00n,False,False,False
153,PressTV,AssadShalhoub,False,False,False
154,PressTV,Shadaomar,False,False,False
155,PressTV,jamilchami1,False,False,False
156,PressTV,BonkersLebanese,False,False,False
157,PressTV,StefanieDekker,False,False,False
158,PressTV,JamalsNews,False,False,False
159,PressTV,CocoCK,False,False,False
160,PressTV,AhmedBenjamal,False,False,False
161,PressTV,ChristianeWaked,False,False,False
162,PressTV,HayatMirshad,False,False,False
163,PressTV,astrojoya,False,False,False
164,PressTV,BaghdadPostPlus,False,False,False
165,PressTV,mgdowney,False,False,False
166,PressTV,Dalaayn,False,False,False
167,PressTV,Kurds_SOS,False,False,False
168,PressTV,outro_hoseok,False,False,False
169,PressTV,MadonnaAoun,False,False,False
170,PressTV,btsmyhabibis,False,False,False
171,shayxbee,marceldy,False,False,False
172,shayxbee,amjadt25,False,False,False
173,shayxbee,Othmanbay,False,False,False
174,shayxbee,MostafaMe4,False,False,False
175,shayxbee,jennyh15_93,False,False,False
176,shayxbee,love4thegameAK,False,False,False
177,shayxbee,liveandlovej00n,False,False,False
178,shayxbee,AssadShalhoub,False,False,False
179,shayxbee,Shadaomar,False,False,False
180,shayxbee,jamilchami1,False,False,False
181,shayxbee,BonkersLebanese,False,False,False
182,shayxbee,StefanieDekker,False,False,False
183,shayxbee,JamalsNews,False,False,False
184,shayxbee,CocoCK,False,False,False
185,shayxbee,AhmedBenjamal,False,False,False
186,shayxbee,ChristianeWaked,False,False,False
187,shayxbee,HayatMirshad,False,False,False
188,shayxbee,astrojoya,False,False,False
189,shayxbee,BaghdadPostPlus,False,False,False
190,shayxbee,mgdowney,False,False,False
191,shayxbee,Dalaayn,False,False,False
192,shayxbee,Kurds_SOS,False,False,False
193,shayxbee,outro_hoseok,False,False,False
194,shayxbee,MadonnaAoun,False,False,False
195,shayxbee,btsmyhabibis,False,False,False
196,marceldy,amjadt25,False,False,False
197,marceldy,Othmanbay,False,False,False
198,marceldy,MostafaMe4,False,False,False
199,marceldy,jennyh15_93,False,False,False
200,marceldy,love4thegameAK,False,False,False
201,marceldy,liveandlovej00n,False,False,False
202,marceldy,AssadShalhoub,False,False,False
203,marceldy,Shadaomar,False,False,False
204,marceldy,jamilchami1,False,False,False
205,marceldy,BonkersLebanese,False,False,False
206,marceldy,StefanieDekker,False,False,False
207,marceldy,JamalsNews,False,False,False
208,marceldy,CocoCK,False,False,False
209,marceldy,AhmedBenjamal,False,False,False
210,marceldy,ChristianeWaked,False,False,False
211,marceldy,HayatMirshad,False,False,False
212,marceldy,astrojoya,False,False,False
213,marceldy,BaghdadPostPlus,False,False,False
214,marceldy,mgdowney,False,False,False
215,marceldy,Dalaayn,False,False,False
216,marceldy,Kurds_SOS,False,False,False
217,marceldy,outro_hoseok,False,False,False
218,marceldy,MadonnaAoun,False,False,False
219,marceldy,btsmyhabibis,False,False,False
220,amjadt25,Othmanbay,False,False,False
221,amjadt25,MostafaMe4,False,False,False
222,amjadt25,jennyh15_93,False,False,False
223,amjadt25,love4thegameAK,False,False,False
224,amjadt25,liveandlovej00n,False,False,False
225,amjadt25,AssadShalhoub,False,False,False
226,amjadt25,Shadaomar,False,False,False
227,amjadt25,jamilchami1,False,False,False
228,amjadt25,BonkersLebanese,False,False,False
229,amjadt25,StefanieDekker,False,False,False
230,amjadt25,JamalsNews,False,False,False
231,amjadt25,CocoCK,False,False,False
232,amjadt25,AhmedBenjamal,False,False,False
233,amjadt25,ChristianeWaked,False,False,False
234,amjadt25,HayatMirshad,False,False,False
235,amjadt25,astrojoya,False,False,False
236,amjadt25,BaghdadPostPlus,False,False,False
237,amjadt25,mgdowney,False,False,False
238,amjadt25,Dalaayn,False,False,False
239,amjadt25,Kurds_SOS,False,False,False
240,amjadt25,outro_hoseok,False,False,False
241,amjadt25,MadonnaAoun,False,False,False
242,amjadt25,btsmyhabibis,False,False,False
243,Othmanbay,MostafaMe4,False,False,False
244,Othmanbay,jennyh15_93,False,False,False
245,Othmanbay,love4thegameAK,False,False,False
246,Othmanbay,liveandlovej00n,False,False,False
247,Othmanbay,AssadShalhoub,False,False,False
248,Othmanbay,Shadaomar,False,False,False
249,Othmanbay,jamilchami1,False,False,False
250,Othmanbay,BonkersLebanese,False,False,False
251,Othmanbay,StefanieDekker,False,False,False
252,Othmanbay,JamalsNews,False,False,False
253,Othmanbay,CocoCK,False,False,False
254,Othmanbay,AhmedBenjamal,False,False,False
255,Othmanbay,ChristianeWaked,False,False,False
256,Othmanbay,HayatMirshad,False,False,False
257,Othmanbay,astrojoya,False,False,False
258,Othmanbay,BaghdadPostPlus,False,False,False
259,Othmanbay,mgdowney,False,False,False
260,Othmanbay,Dalaayn,False,False,False
261,Othmanbay,Kurds_SOS,False,False,False
262,Othmanbay,outro_hoseok,False,False,False
263,Othmanbay,MadonnaAoun,False,False,False
264,Othmanbay,btsmyhabibis,False,False,False
265,MostafaMe4,jennyh15_93,False,False,False
266,MostafaMe4,love4thegameAK,False,False,False
267,MostafaMe4,liveandlovej00n,False,False,False
268,MostafaMe4,AssadShalhoub,False,False,False
269,MostafaMe4,Shadaomar,False,False,False
270,MostafaMe4,jamilchami1,False,False,False
271,MostafaMe4,BonkersLebanese,False,False,False
272,MostafaMe4,StefanieDekker,False,False,False
273,MostafaMe4,JamalsNews,False,False,False
274,MostafaMe4,CocoCK,False,False,False
275,MostafaMe4,AhmedBenjamal,False,False,False
276,MostafaMe4,ChristianeWaked,False,False,False
277,MostafaMe4,HayatMirshad,False,False,False
278,MostafaMe4,astrojoya,False,False,False
279,MostafaMe4,BaghdadPostPlus,False,False,False
280,MostafaMe4,mgdowney,False,False,False
281,MostafaMe4,Dalaayn,False,False,False
282,MostafaMe4,Kurds_SOS,False,False,False
283,MostafaMe4,outro_hoseok,False,False,False
284,MostafaMe4,MadonnaAoun,False,False,False
285,MostafaMe4,btsmyhabibis,False,False,False
286,jennyh15_93,love4thegameAK,False,False,False
287,jennyh15_93,liveandlovej00n,False,False,False
288,jennyh15_93,AssadShalhoub,False,False,False
289,jennyh15_93,Shadaomar,False,False,False
290,jennyh15_93,jamilchami1,False,False,False
291,jennyh15_93,BonkersLebanese,False,False,False
292,jennyh15_93,StefanieDekker,False,False,False
293,jennyh15_93,JamalsNews,False,False,False
294,jennyh15_93,CocoCK,False,False,False
295,jennyh15_93,AhmedBenjamal,False,False,False
296,jennyh15_93,ChristianeWaked,False,False,False
297,jennyh15_93,HayatMirshad,False,False,False
298,jennyh15_93,astrojoya,False,False,False
299,jennyh15_93,BaghdadPostPlus,False,False,False
300,jennyh15_93,mgdowney,False,False,False
301,jennyh15_93,Dalaayn,False,False,False
302,jennyh15_93,Kurds_SOS,False,False,False
303,jennyh15_93,outro_hoseok,False,False,False
304,jennyh15_93,MadonnaAoun,False,False,False
305,jennyh15_93,btsmyhabibis,False,False,False
306,love4thegameAK,liveandlovej00n,False,False,False
307,love4thegameAK,AssadShalhoub,False,False,False
308,love4thegameAK,Shadaomar,False,False,False
309,love4thegameAK,jamilchami1,False,False,False
310,love4thegameAK,BonkersLebanese,False,False,False
311,love4thegameAK,StefanieDekker,False,False,False
312,love4thegameAK,JamalsNews,False,False,False
313,love4thegameAK,CocoCK,False,False,False
314,love4thegameAK,AhmedBenjamal,False,False,False
315,love4thegameAK,ChristianeWaked,False,False,False
316,love4thegameAK,HayatMirshad,False,False,False
317,love4thegameAK,astrojoya,False,False,False
318,love4thegameAK,BaghdadPostPlus,False,False,False
319,love4thegameAK,mgdowney,False,False,False
320,love4thegameAK,Dalaayn,False,False,False
321,love4thegameAK,Kurds_SOS,False,False,False
322,love4thegameAK,outro_hoseok,False,False,False
323,love4thegameAK,MadonnaAoun,False,False,False
324,love4thegameAK,btsmyhabibis,False,False,False
325,liveandlovej00n,AssadShalhoub,False,False,False
326,liveandlovej00n,Shadaomar,False,False,False
327,liveandlovej00n,jamilchami1,False,False,False
328,liveandlovej00n,BonkersLebanese,False,False,False
329,liveandlovej00n,StefanieDekker,False,False,False
330,liveandlovej00n,JamalsNews,False,False,False
331,liveandlovej00n,CocoCK,False,False,False
332,liveandlovej00n,AhmedBenjamal,False,False,False
333,liveandlovej00n,ChristianeWaked,False,False,False
334,liveandlovej00n,HayatMirshad,False,False,False
335,liveandlovej00n,astrojoya,False,False,False
336,liveandlovej00n,BaghdadPostPlus,False,False,False
337,liveandlovej00n,mgdowney,False,False,False
338,liveandlovej00n,Dalaayn,False,False,False
339,liveandlovej00n,Kurds_SOS,False,False,False
340,liveandlovej00n,outro_hoseok,False,False,False
341,liveandlovej00n,MadonnaAoun,False,False,False
342,liveandlovej00n,btsmyhabibis,False,False,False
343,AssadShalhoub,Shadaomar,False,False,False
344,AssadShalhoub,jamilchami1,False,False,False
345,AssadShalhoub,BonkersLebanese,False,False,False
346,AssadShalhoub,StefanieDekker,False,False,False
347,AssadShalhoub,JamalsNews,False,False,False
348,AssadShalhoub,CocoCK,False,False,False
349,AssadShalhoub,AhmedBenjamal,False,False,False
350,AssadShalhoub,ChristianeWaked,False,False,False
351,AssadShalhoub,HayatMirshad,False,False,False
352,AssadShalhoub,astrojoya,False,False,False
353,AssadShalhoub,BaghdadPostPlus,False,False,False
354,AssadShalhoub,mgdowney,False,False,False
355,AssadShalhoub,Dalaayn,False,False,False
356,AssadShalhoub,Kurds_SOS,False,False,False
357,AssadShalhoub,outro_hoseok,False,False,False
358,AssadShalhoub,MadonnaAoun,False,False,False
359,AssadShalhoub,btsmyhabibis,False,False,False
360,Shadaomar,jamilchami1,False,False,False
361,Shadaomar,BonkersLebanese,False,False,False
362,Shadaomar,StefanieDekker,False,False,False
363,Shadaomar,JamalsNews,False,False,False
364,Shadaomar,CocoCK,False,False,False
365,Shadaomar,AhmedBenjamal,False,False,False
366,Shadaomar,ChristianeWaked,False,False,False
367,Shadaomar,HayatMirshad,False,False,False
368,Shadaomar,astrojoya,False,False,False
369,Shadaomar,BaghdadPostPlus,False,False,False
370,Shadaomar,mgdowney,False,False,False
371,Shadaomar,Dalaayn,False,False,False
372,Shadaomar,Kurds_SOS,False,False,False
373,Shadaomar,outro_hoseok,False,False,False
374,Shadaomar,MadonnaAoun,False,False,False
375,Shadaomar,btsmyhabibis,False,False,False
376,jamilchami1,BonkersLebanese,False,False,False
377,jamilchami1,StefanieDekker,False,False,False
378,jamilchami1,JamalsNews,False,False,False
379,jamilchami1,CocoCK,False,False,False
380,jamilchami1,AhmedBenjamal,False,False,False
381,jamilchami1,ChristianeWaked,False,False,False
382,jamilchami1,HayatMirshad,False,False,False
383,jamilchami1,astrojoya,False,False,False
384,jamilchami1,BaghdadPostPlus,False,False,False
385,jamilchami1,mgdowney,False,False,False
386,jamilchami1,Dalaayn,False,False,False
387,jamilchami1,Kurds_SOS,False,False,False
388,jamilchami1,outro_hoseok,False,False,False
389,jamilchami1,MadonnaAoun,False,False,False
390,jamilchami1,btsmyhabibis,False,False,False
391,BonkersLebanese,StefanieDekker,False,False,False
392,BonkersLebanese,JamalsNews,False,False,False
393,BonkersLebanese,CocoCK,False,False,False
394,BonkersLebanese,AhmedBenjamal,False,False,False
395,BonkersLebanese,ChristianeWaked,False,False,False
396,BonkersLebanese,HayatMirshad,False,False,False
397,BonkersLebanese,astrojoya,False,False,False
398,BonkersLebanese,BaghdadPostPlus,False,False,False
399,BonkersLebanese,mgdowney,False,False,False
400,BonkersLebanese,Dalaayn,False,False,False
401,BonkersLebanese,Kurds_SOS,False,False,False
402,BonkersLebanese,outro_hoseok,False,False,False
403,BonkersLebanese,MadonnaAoun,False,False,False
404,BonkersLebanese,btsmyhabibis,False,False,False
405,StefanieDekker,JamalsNews,False,False,False
406,StefanieDekker,CocoCK,False,False,False
407,StefanieDekker,AhmedBenjamal,False,False,False
408,StefanieDekker,ChristianeWaked,False,False,False
409,StefanieDekker,HayatMirshad,False,False,False
410,StefanieDekker,astrojoya,False,False,False
411,StefanieDekker,BaghdadPostPlus,False,False,False
412,StefanieDekker,mgdowney,False,False,False
413,StefanieDekker,Dalaayn,False,False,False
414,StefanieDekker,Kurds_SOS,False,False,False
415,StefanieDekker,outro_hoseok,False,False,False
416,StefanieDekker,MadonnaAoun,False,False,False
417,StefanieDekker,btsmyhabibis,False,False,False
418,JamalsNews,CocoCK,False,False,False
419,JamalsNews,AhmedBenjamal,False,False,False
420,JamalsNews,ChristianeWaked,False,False,False
421,JamalsNews,HayatMirshad,False,False,False
422,JamalsNews,astrojoya,False,False,False
423,JamalsNews,BaghdadPostPlus,False,False,False
424,JamalsNews,mgdowney,False,False,False
425,JamalsNews,Dalaayn,False,False,False
426,JamalsNews,Kurds_SOS,False,False,False
427,JamalsNews,outro_hoseok,False,False,False
428,JamalsNews,MadonnaAoun,False,False,False
429,JamalsNews,btsmyhabibis,False,False,False
430,CocoCK,AhmedBenjamal,False,False,False
431,CocoCK,ChristianeWaked,False,False,False
432,CocoCK,HayatMirshad,False,False,False
433,CocoCK,astrojoya,False,False,False
434,CocoCK,BaghdadPostPlus,False,False,False
435,CocoCK,mgdowney,False,False,False
436,CocoCK,Dalaayn,False,False,False
437,CocoCK,Kurds_SOS,False,False,False
438,CocoCK,outro_hoseok,False,False,False
439,CocoCK,MadonnaAoun,False,False,False
440,CocoCK,btsmyhabibis,False,False,False
441,AhmedBenjamal,ChristianeWaked,False,False,False
442,AhmedBenjamal,HayatMirshad,False,False,False
443,AhmedBenjamal,astrojoya,False,False,False
444,AhmedBenjamal,BaghdadPostPlus,False,False,False
445,AhmedBenjamal,mgdowney,False,False,False
446,AhmedBenjamal,Dalaayn,False,False,False
447,AhmedBenjamal,Kurds_SOS,False,False,False
448,AhmedBenjamal,outro_hoseok,False,False,False
449,AhmedBenjamal,MadonnaAoun,False,False,False
450,AhmedBenjamal,btsmyhabibis,False,False,False
451,ChristianeWaked,HayatMirshad,False,False,False
452,ChristianeWaked,astrojoya,False,False,False
453,ChristianeWaked,BaghdadPostPlus,False,False,False
454,ChristianeWaked,mgdowney,False,False,False
455,ChristianeWaked,Dalaayn,False,False,False
456,ChristianeWaked,Kurds_SOS,False,False,False
457,ChristianeWaked,outro_hoseok,False,False,False
458,ChristianeWaked,MadonnaAoun,False,False,False
459,ChristianeWaked,btsmyhabibis,False,False,False
460,HayatMirshad,astrojoya,False,False,False
461,HayatMirshad,BaghdadPostPlus,False,False,False
462,HayatMirshad,mgdowney,False,False,False
463,HayatMirshad,Dalaayn,False,False,False
464,HayatMirshad,Kurds_SOS,False,False,False
465,HayatMirshad,outro_hoseok,False,False,False
466,HayatMirshad,MadonnaAoun,False,False,False
467,HayatMirshad,btsmyhabibis,False,False,False
468,astrojoya,BaghdadPostPlus,False,False,False
469,astrojoya,mgdowney,False,False,False
470,astrojoya,Dalaayn,False,False,False
471,astrojoya,Kurds_SOS,False,False,False
472,astrojoya,outro_hoseok,False,False,False
473,astrojoya,MadonnaAoun,False,False,False
474,astrojoya,btsmyhabibis,False,False,False
475,BaghdadPostPlus,mgdowney,False,False,False
476,BaghdadPostPlus,Dalaayn,False,False,False
477,BaghdadPostPlus,Kurds_SOS,False,False,False
478,BaghdadPostPlus,outro_hoseok,False,False,False
479,BaghdadPostPlus,MadonnaAoun,False,False,False
480,BaghdadPostPlus,btsmyhabibis,False,False,False
481,mgdowney,Dalaayn,False,False,False
482,mgdowney,Kurds_SOS,False,False,False
483,mgdowney,outro_hoseok,False,False,False
484,mgdowney,MadonnaAoun,False,False,False
485,mgdowney,btsmyhabibis,False,False,False
486,Dalaayn,Kurds_SOS,False,False,False
487,Dalaayn,outro_hoseok,False,False,False
488,Dalaayn,MadonnaAoun,False,False,False
489,Dalaayn,btsmyhabibis,False,False,False
490,Kurds_SOS,outro_hoseok,False,False,False
491,Kurds_SOS,MadonnaAoun,False,False,False
492,Kurds_SOS,btsmyhabibis,False,False,False
493,outro_hoseok,MadonnaAoun,False,False,False
494,outro_hoseok,btsmyhabibis,False,False,False
495,MadonnaAoun,btsmyhabibis,False,False,False
